[{"model": "auth.permission", "pk": 1, "fields": {"name": "Can add log entry", "content_type": 1, "codename": "add_logentry"}}, {"model": "auth.permission", "pk": 2, "fields": {"name": "Can change log entry", "content_type": 1, "codename": "change_logentry"}}, {"model": "auth.permission", "pk": 3, "fields": {"name": "Can delete log entry", "content_type": 1, "codename": "delete_logentry"}}, {"model": "auth.permission", "pk": 4, "fields": {"name": "Can view log entry", "content_type": 1, "codename": "view_logentry"}}, {"model": "auth.permission", "pk": 5, "fields": {"name": "Can add permission", "content_type": 2, "codename": "add_permission"}}, {"model": "auth.permission", "pk": 6, "fields": {"name": "Can change permission", "content_type": 2, "codename": "change_permission"}}, {"model": "auth.permission", "pk": 7, "fields": {"name": "Can delete permission", "content_type": 2, "codename": "delete_permission"}}, {"model": "auth.permission", "pk": 8, "fields": {"name": "Can view permission", "content_type": 2, "codename": "view_permission"}}, {"model": "auth.permission", "pk": 9, "fields": {"name": "Can add group", "content_type": 3, "codename": "add_group"}}, {"model": "auth.permission", "pk": 10, "fields": {"name": "Can change group", "content_type": 3, "codename": "change_group"}}, {"model": "auth.permission", "pk": 11, "fields": {"name": "Can delete group", "content_type": 3, "codename": "delete_group"}}, {"model": "auth.permission", "pk": 12, "fields": {"name": "Can view group", "content_type": 3, "codename": "view_group"}}, {"model": "auth.permission", "pk": 13, "fields": {"name": "Can add user", "content_type": 4, "codename": "add_user"}}, {"model": "auth.permission", "pk": 14, "fields": {"name": "Can change user", "content_type": 4, "codename": "change_user"}}, {"model": "auth.permission", "pk": 15, "fields": {"name": "Can delete user", "content_type": 4, "codename": "delete_user"}}, {"model": "auth.permission", "pk": 16, "fields": {"name": "Can view user", "content_type": 4, "codename": "view_user"}}, {"model": "auth.permission", "pk": 17, "fields": {"name": "Can add content type", "content_type": 5, "codename": "add_contenttype"}}, {"model": "auth.permission", "pk": 18, "fields": {"name": "Can change content type", "content_type": 5, "codename": "change_contenttype"}}, {"model": "auth.permission", "pk": 19, "fields": {"name": "Can delete content type", "content_type": 5, "codename": "delete_contenttype"}}, {"model": "auth.permission", "pk": 20, "fields": {"name": "Can view content type", "content_type": 5, "codename": "view_contenttype"}}, {"model": "auth.permission", "pk": 21, "fields": {"name": "Can add session", "content_type": 6, "codename": "add_session"}}, {"model": "auth.permission", "pk": 22, "fields": {"name": "Can change session", "content_type": 6, "codename": "change_session"}}, {"model": "auth.permission", "pk": 23, "fields": {"name": "Can delete session", "content_type": 6, "codename": "delete_session"}}, {"model": "auth.permission", "pk": 24, "fields": {"name": "Can view session", "content_type": 6, "codename": "view_session"}}, {"model": "auth.permission", "pk": 25, "fields": {"name": "Can add role", "content_type": 7, "codename": "add_role"}}, {"model": "auth.permission", "pk": 26, "fields": {"name": "Can change role", "content_type": 7, "codename": "change_role"}}, {"model": "auth.permission", "pk": 27, "fields": {"name": "Can delete role", "content_type": 7, "codename": "delete_role"}}, {"model": "auth.permission", "pk": 28, "fields": {"name": "Can view role", "content_type": 7, "codename": "view_role"}}, {"model": "auth.permission", "pk": 29, "fields": {"name": "Can add permission", "content_type": 8, "codename": "add_permission"}}, {"model": "auth.permission", "pk": 30, "fields": {"name": "Can change permission", "content_type": 8, "codename": "change_permission"}}, {"model": "auth.permission", "pk": 31, "fields": {"name": "Can delete permission", "content_type": 8, "codename": "delete_permission"}}, {"model": "auth.permission", "pk": 32, "fields": {"name": "Can view permission", "content_type": 8, "codename": "view_permission"}}, {"model": "auth.permission", "pk": 33, "fields": {"name": "Can add extended user", "content_type": 9, "codename": "add_extendeduser"}}, {"model": "auth.permission", "pk": 34, "fields": {"name": "Can change extended user", "content_type": 9, "codename": "change_extendeduser"}}, {"model": "auth.permission", "pk": 35, "fields": {"name": "Can delete extended user", "content_type": 9, "codename": "delete_extendeduser"}}, {"model": "auth.permission", "pk": 36, "fields": {"name": "Can view extended user", "content_type": 9, "codename": "view_extendeduser"}}, {"model": "auth.user", "pk": 1, "fields": {"password": "pbkdf2_sha256$320000$iFjwHdk8IQBwQoBX8dco5p$GlS41Byf0jIB6/zlVdtg7mLenoE6iz5iKF2psl3RjOs=", "last_login": null, "is_superuser": false, "username": "vic", "first_name": "", "last_name": "", "email": "vic@vic.com", "is_staff": false, "is_active": true, "date_joined": "2022-07-02T12:57:41.410Z", "groups": [], "user_permissions": []}}, {"model": "auth.user", "pk": 2, "fields": {"password": "pbkdf2_sha256$320000$JHa3BsA8brSQMnclZvNTKo$BxMjzCclXkAygYyryIl3oMJjB8E3M/0nZsltBvw1Cao=", "last_login": null, "is_superuser": false, "username": "vic2", "first_name": "", "last_name": "", "email": "vic2@vic.com", "is_staff": false, "is_active": true, "date_joined": "2022-07-02T13:11:27.620Z", "groups": [], "user_permissions": []}}, {"model": "auth.user", "pk": 3, "fields": {"password": "pbkdf2_sha256$320000$u3pRz89qbapKg9wI3Oyvuf$aHoqkO4V1TfsZ3dQVPwETS7JOIHpkzdLF2US9zJ3V4o=", "last_login": null, "is_superuser": true, "username": "admin", "first_name": "", "last_name": "", "email": "admin@mbt.com", "is_staff": true, "is_active": true, "date_joined": "2022-07-03T02:33:19.590Z", "groups": [], "user_permissions": []}}, {"model": "auth.user", "pk": 4, "fields": {"password": "", "last_login": null, "is_superuser": false, "username": "victor", "first_name": "", "last_name": "", "email": "asd@asd.cva", "is_staff": false, "is_active": true, "date_joined": "2022-07-03T05:58:57.014Z", "groups": [], "user_permissions": []}}, {"model": "auth.user", "pk": 5, "fields": {"password": "", "last_login": null, "is_superuser": false, "username": "asa", "first_name": "", "last_name": "", "email": "victorcasignia@gmail.com", "is_staff": false, "is_active": true, "date_joined": "2022-07-03T06:12:31.121Z", "groups": [], "user_permissions": []}}, {"model": "auth.user", "pk": 6, "fields": {"password": "", "last_login": null, "is_superuser": false, "username": "asaasd", "first_name": "", "last_name": "", "email": "victorcasignia1@gmail.com", "is_staff": false, "is_active": true, "date_joined": "2022-07-03T06:16:35.525Z", "groups": [], "user_permissions": []}}, {"model": "auth.user", "pk": 7, "fields": {"password": "pbkdf2_sha256$320000$94RWKrSASH05e3SiQp22wP$SgBlSmpIAwEPfXYUtDekqCklOI+nBAAL709woxWtIAw=", "last_login": null, "is_superuser": false, "username": "asd1223a", "first_name": "", "last_name": "", "email": "victorcasignia2@gmail.com", "is_staff": false, "is_active": true, "date_joined": "2022-07-03T06:17:55.293Z", "groups": [], "user_permissions": []}}, {"model": "auth.user", "pk": 8, "fields": {"password": "pbkdf2_sha256$320000$yXeh2GnjpUBd4wrNxahPey$cdqojbahXpulf5S5/g73uE08s6UjAoCozBm0/tmAdMc=", "last_login": null, "is_superuser": false, "username": "asd1223aasd", "first_name": "", "last_name": "", "email": "victorcasignia3@gmail.com", "is_staff": false, "is_active": true, "date_joined": "2022-07-03T06:18:24.389Z", "groups": [], "user_permissions": []}}, {"model": "auth.user", "pk": 9, "fields": {"password": "pbkdf2_sha256$320000$DaODNL3b30EYic0VMxqC0O$BFXu1XfLdSfk10moiqcHG3KkHaYiR93oWiuekRofRBA=", "last_login": null, "is_superuser": false, "username": "asd1223aasda", "first_name": "", "last_name": "", "email": "victorcasignia4@gmail.com", "is_staff": false, "is_active": true, "date_joined": "2022-07-03T06:18:59.616Z", "groups": [], "user_permissions": []}}, {"model": "auth.user", "pk": 10, "fields": {"password": "pbkdf2_sha256$320000$c10myCM4TqybFlu3qhO0vj$jPha7Zilji27dC9IuEr5NBLPY1EwAWeefUmQD+RxfPs=", "last_login": null, "is_superuser": false, "username": "asd1223aasdaa", "first_name": "", "last_name": "", "email": "victorcasignia5@gmail.com", "is_staff": false, "is_active": true, "date_joined": "2022-07-03T06:19:29.179Z", "groups": [], "user_permissions": []}}, {"model": "auth.user", "pk": 11, "fields": {"password": "pbkdf2_sha256$320000$1zfVSU7jWktlwsKFiKDMKk$+emYMXSOl35DnTkNHQTaNqbjGvoFxaexoS37M3K6ywM=", "last_login": null, "is_superuser": false, "username": "bzxcvz", "first_name": "", "last_name": "", "email": "victorcasignia6@gmail.com", "is_staff": false, "is_active": true, "date_joined": "2022-07-03T06:20:04.309Z", "groups": [], "user_permissions": []}}, {"model": "auth.user", "pk": 12, "fields": {"password": "pbkdf2_sha256$320000$KqO1RykUWB1guQGIWvbe07$HIs0L2JMkzD+uQcP5RUH4eI4G2Aoz0U8xMgT/otg6vs=", "last_login": null, "is_superuser": false, "username": "bzxcvza", "first_name": "", "last_name": "", "email": "victorcasignia7@gmail.com", "is_staff": false, "is_active": true, "date_joined": "2022-07-03T06:21:05.919Z", "groups": [], "user_permissions": []}}, {"model": "auth.user", "pk": 13, "fields": {"password": "pbkdf2_sha256$320000$h6quVH241DeD6kpB13RxlF$CvveSzmLu+vceorZYHYipxN8MKuRYs84J+G3HfgOSkA=", "last_login": null, "is_superuser": false, "username": "bzxcvzaas", "first_name": "", "last_name": "", "email": "victorcasigniaa7@gmail.com", "is_staff": false, "is_active": true, "date_joined": "2022-07-03T06:21:18.077Z", "groups": [], "user_permissions": []}}, {"model": "auth.user", "pk": 14, "fields": {"password": "pbkdf2_sha256$320000$OGreXzldYH8fkgmHLlTbVJ$4CT5NYv6wAg3p3RO3dIvo5tUgB2A6Y6ctiFf546Zw1Y=", "last_login": null, "is_superuser": false, "username": "vic123123", "first_name": "", "last_name": "", "email": "victorcaasignia@gmail.com", "is_staff": false, "is_active": true, "date_joined": "2022-07-03T06:22:21.641Z", "groups": [], "user_permissions": []}}, {"model": "auth.user", "pk": 15, "fields": {"password": "pbkdf2_sha256$320000$xw3EPcdwSKSRir3z6RScVB$DkEXXBwYKsS88sLlOBfM8/IOsKvoGSf34X4W9QmMA4k=", "last_login": null, "is_superuser": false, "username": "vic123123a", "first_name": "", "last_name": "", "email": "victorcaasignsia@gmail.com", "is_staff": false, "is_active": true, "date_joined": "2022-07-03T06:22:58.241Z", "groups": [], "user_permissions": []}}, {"model": "auth.user", "pk": 16, "fields": {"password": "pbkdf2_sha256$320000$kIWqgdYqkYv7NKGfotBulo$LPSfE+iY8j32LpCsO87ZmVZ6WXa1Zy4EfZLg1rdj0Bw=", "last_login": null, "is_superuser": false, "username": "vic123123aa", "first_name": "", "last_name": "", "email": "victorcaasignasia@gmail.com", "is_staff": false, "is_active": true, "date_joined": "2022-07-03T06:23:23.916Z", "groups": [], "user_permissions": []}}, {"model": "auth.user", "pk": 17, "fields": {"password": "pbkdf2_sha256$320000$zJnwdfooGwwUm8YDxiP2WN$aYxI2NEKUFmiU6hwavX3uQjdJ+pxmLcy+1UGAgJcg4s=", "last_login": null, "is_superuser": false, "username": "vic123", "first_name": "", "last_name": "", "email": "vic@casignia.com", "is_staff": false, "is_active": true, "date_joined": "2022-07-03T06:24:32.148Z", "groups": [], "user_permissions": []}}, {"model": "auth.user", "pk": 18, "fields": {"password": "pbkdf2_sha256$320000$TA5DC9fOiwn4sBSm5eOzQo$4MkPyEEwQwNOGws+9IbOAbzcknDJKtuD9DkjS8PiAn0=", "last_login": null, "is_superuser": false, "username": "vicpogi123", "first_name": "", "last_name": "", "email": "vic@gmail.com", "is_staff": false, "is_active": true, "date_joined": "2022-07-03T06:54:11.742Z", "groups": [], "user_permissions": []}}, {"model": "auth.user", "pk": 19, "fields": {"password": "pbkdf2_sha256$320000$kTStods1dCP4j76lgewAwP$RZMx4Fc+W7yzplZXUY0AcKDI1jGz06upI+Gm9+YYWN8=", "last_login": null, "is_superuser": false, "username": "ly", "first_name": "", "last_name": "", "email": "a.cajigal0830@hotmail.com", "is_staff": false, "is_active": true, "date_joined": "2022-07-03T08:21:50.339Z", "groups": [], "user_permissions": []}}, {"model": "auth.user", "pk": 20, "fields": {"password": "pbkdf2_sha256$320000$O4nZlpkURrZbHBwHsAG5xa$NvhNHOOAmXm5GFiBxJToR0fGYwy3+l8Y1ONbdBDkdaE=", "last_login": null, "is_superuser": false, "username": "ly2", "first_name": "", "last_name": "", "email": "ly2@ly2.com", "is_staff": false, "is_active": true, "date_joined": "2022-07-03T09:21:37.650Z", "groups": [], "user_permissions": []}}, {"model": "contenttypes.contenttype", "pk": 1, "fields": {"app_label": "admin", "model": "logentry"}}, {"model": "contenttypes.contenttype", "pk": 2, "fields": {"app_label": "auth", "model": "permission"}}, {"model": "contenttypes.contenttype", "pk": 3, "fields": {"app_label": "auth", "model": "group"}}, {"model": "contenttypes.contenttype", "pk": 4, "fields": {"app_label": "auth", "model": "user"}}, {"model": "contenttypes.contenttype", "pk": 5, "fields": {"app_label": "contenttypes", "model": "contenttype"}}, {"model": "contenttypes.contenttype", "pk": 6, "fields": {"app_label": "sessions", "model": "session"}}, {"model": "contenttypes.contenttype", "pk": 7, "fields": {"app_label": "dashboard_app", "model": "role"}}, {"model": "contenttypes.contenttype", "pk": 8, "fields": {"app_label": "dashboard_app", "model": "permission"}}, {"model": "contenttypes.contenttype", "pk": 9, "fields": {"app_label": "dashboard_app", "model": "extendeduser"}}, {"model": "dashboard_app.permission", "pk": 1, "fields": {"name": "permission1", "description": "", "created_at": "2022-07-02T13:02:59.096Z", "updated_at": "2022-07-02T13:02:59.096Z"}}, {"model": "dashboard_app.permission", "pk": 2, "fields": {"name": "permission2", "description": "", "created_at": "2022-07-02T13:03:02.794Z", "updated_at": "2022-07-02T13:03:02.794Z"}}, {"model": "dashboard_app.permission", "pk": 3, "fields": {"name": "permission3", "description": "", "created_at": "2022-07-02T13:03:05.245Z", "updated_at": "2022-07-02T13:03:05.245Z"}}, {"model": "dashboard_app.permission", "pk": 4, "fields": {"name": "tests", "description": "s", "created_at": "2022-07-03T08:39:33.357Z", "updated_at": "2022-07-03T08:39:33.357Z"}}, {"model": "dashboard_app.permission", "pk": 5, "fields": {"name": "drive car", "description": "sdfsdf", "created_at": "2022-07-03T08:39:37.506Z", "updated_at": "2022-07-03T08:39:37.506Z"}}, {"model": "dashboard_app.permission", "pk": 6, "fields": {"name": "permission5", "description": "", "created_at": "2022-07-03T12:00:36.903Z", "updated_at": "2022-07-03T12:00:36.903Z"}}, {"model": "dashboard_app.role", "pk": 1, "fields": {"name": "hr", "description": "", "created_at": "2022-07-02T13:03:08.514Z", "updated_at": "2022-07-02T13:03:08.514Z", "permissions": [1, 2, 3]}}, {"model": "dashboard_app.role", "pk": 2, "fields": {"name": "test123", "description": "test123", "created_at": "2022-07-03T08:30:30.318Z", "updated_at": "2022-07-03T08:30:30.318Z", "permissions": [3, 2, 1]}}, {"model": "dashboard_app.role", "pk": 3, "fields": {"name": "test", "description": "test", "created_at": "2022-07-03T08:36:46.025Z", "updated_at": "2022-07-03T08:36:46.025Z", "permissions": [3, 2, 1]}}, {"model": "dashboard_app.role", "pk": 4, "fields": {"name": "rwar", "description": "rawse", "created_at": "2022-07-03T08:37:15.005Z", "updated_at": "2022-07-03T08:37:15.005Z", "permissions": [1]}}, {"model": "dashboard_app.role", "pk": 5, "fields": {"name": "asdasd", "description": "asdasd", "created_at": "2022-07-03T08:37:19.276Z", "updated_at": "2022-07-03T08:37:19.276Z", "permissions": []}}, {"model": "dashboard_app.role", "pk": 6, "fields": {"name": "zxczxc", "description": "zxczxc", "created_at": "2022-07-03T08:37:21.594Z", "updated_at": "2022-07-03T08:37:21.594Z", "permissions": []}}, {"model": "dashboard_app.role", "pk": 7, "fields": {"name": "zxczxcas", "description": "asdasd", "created_at": "2022-07-03T08:37:25.487Z", "updated_at": "2022-07-03T08:37:25.487Z", "permissions": []}}, {"model": "dashboard_app.role", "pk": 8, "fields": {"name": "bcvbcvb", "description": "asdasd", "created_at": "2022-07-03T08:37:28.228Z", "updated_at": "2022-07-03T08:37:28.228Z", "permissions": []}}, {"model": "dashboard_app.role", "pk": 9, "fields": {"name": "zxc", "description": "qwe", "created_at": "2022-07-03T08:37:30.888Z", "updated_at": "2022-07-03T08:37:30.888Z", "permissions": []}}, {"model": "dashboard_app.role", "pk": 10, "fields": {"name": "test1234", "description": "test1234", "created_at": "2022-07-03T12:00:52.773Z", "updated_at": "2022-07-03T12:00:52.773Z", "permissions": []}}, {"model": "dashboard_app.extendeduser", "pk": 1, "fields": {"user": 1, "roles": [1, 2, 3, 4, 5, 6]}}, {"model": "dashboard_app.extendeduser", "pk": 2, "fields": {"user": 2, "roles": [6]}}, {"model": "dashboard_app.extendeduser", "pk": 3, "fields": {"user": 7, "roles": []}}, {"model": "dashboard_app.extendeduser", "pk": 4, "fields": {"user": 8, "roles": []}}, {"model": "dashboard_app.extendeduser", "pk": 5, "fields": {"user": 9, "roles": []}}, {"model": "dashboard_app.extendeduser", "pk": 6, "fields": {"user": 10, "roles": []}}, {"model": "dashboard_app.extendeduser", "pk": 7, "fields": {"user": 11, "roles": []}}, {"model": "dashboard_app.extendeduser", "pk": 8, "fields": {"user": 12, "roles": []}}, {"model": "dashboard_app.extendeduser", "pk": 9, "fields": {"user": 13, "roles": []}}, {"model": "dashboard_app.extendeduser", "pk": 10, "fields": {"user": 14, "roles": []}}, {"model": "dashboard_app.extendeduser", "pk": 11, "fields": {"user": 15, "roles": []}}, {"model": "dashboard_app.extendeduser", "pk": 12, "fields": {"user": 16, "roles": []}}, {"model": "dashboard_app.extendeduser", "pk": 13, "fields": {"user": 17, "roles": []}}, {"model": "dashboard_app.extendeduser", "pk": 14, "fields": {"user": 18, "roles": []}}, {"model": "dashboard_app.extendeduser", "pk": 15, "fields": {"user": 19, "roles": []}}, {"model": "dashboard_app.extendeduser", "pk": 16, "fields": {"user": 20, "roles": []}}]